Date,PM2.5_Peenya,NO2_Peenya,NH3_Peenya,SO2_Peenya,CO_Peenya,Temp_Peenya,RH_Peenya,AQI_Peenya,AQI_Category_Peenya,PM2.5_SilkBoard,NO2_SilkBoard,NH3_SilkBoard,SO2_SilkBoard,CO_SilkBoard,Temp_SilkBoard,RH_SilkBoard,AQI_SilkBoard,AQI_Category_SilkBoard,PM2.5_Hombegowda,NO2_Hombegowda,NH3_Hombegowda,SO2_Hombegowda,CO_Hombegowda,Temp_Hombegowda,RH_Hombegowda,AQI_Hombegowda,AQI_Category_Hombegowda,PM2.5_BapujiNagar,NO2_BapujiNagar,NH3_BapujiNagar,SO2_BapujiNagar,CO_BapujiNagar,Temp_ BapujiNagar_BapujiNagar,RH_BapujiNagar,AQI_BapujiNagar,AQI_Category_BapujiNagar
2025-03-01,39.21146,18.556055,11.27149,7.021576,0.85,23.8,30.053558,99.03431,Satisfactory,28.6057,23.910467,12.077135,10.208464,0.3,26.2,43.9586,103.0,Moderate,31.5306,50.09703,7.9841576,7.4460816,0.38,25.4,41.273296,88.0,Satisfactory,34.808315,9.6,7.0,9.43701,0.39,24.855562,52.25996,97.0,Satisfactory
2025-03-02,35.34193,14.649915,10.6,7.2,0.82,25.010649,18.3,100.0,Satisfactory,30.359175,29.15488,7.59213,11.614894,0.42361447,25.0113,38.50111,124.0,Moderate,44.271603,36.46706,13.1,7.0525203,0.38,25.545145,55.65391,114.0,Moderate,49.898888,8.8,6.8,8.8,0.44,27.391975,43.291138,110.0,Moderate
2025-03-03,36.389664,12.4,7.1745014,6.348932,0.97,25.151537,23.549536,140.02649,Moderate,41.64807,34.274597,5.5,10.6075115,0.47952652,25.084854,44.426342,152.0,Moderate,46.379684,38.391594,12.7112465,6.02,0.33,26.528955,56.839783,127.0,Moderate,53.63297,6.9374676,7.2974267,9.890034,0.36,26.098063,43.42146,104.0,Moderate
2025-03-04,41.181023,13.8,10.3,8.237306,1.03,23.8,25.394194,112.0,Moderate,43.376198,30.389236,8.159365,8.142998,0.69,22.7,49.36633,128.24513,Moderate,56.384533,52.091663,5.221643,7.9467096,0.43,25.741436,61.01188,129.8141,Moderate,51.322876,9.587029,8.20323,8.830326,0.3905447,25.2,53.02472,122.0,Moderate
2025-03-05,39.102524,19.66033,13.626423,8.3052845,1.11,23.3,20.315063,96.0,Satisfactory,43.474876,26.84639,3.103156,9.703659,0.8,22.762383,49.352318,126.90946,Moderate,45.439495,54.781185,6.667993,7.7357945,0.42,25.526987,55.748665,123.0,Moderate,47.029846,12.092144,8.204414,9.374374,0.42,24.7,62.92917,115.0,Moderate
2025-03-06,33.007,20.070797,14.862507,8.793337,1.12,23.745722,18.3,110.0,Moderate,43.09265,30.132423,7.552328,9.704448,0.65,24.1,47.0,115.0,Moderate,34.820213,52.564304,6.0902934,10.4,0.39,26.463154,51.00315,122.0,Moderate,38.531326,9.0,7.204589,8.8156595,0.42,24.5,45.867733,120.0,Moderate
2025-03-07,41.193195,16.724518,4.8651576,11.660172,0.97,23.3,18.3,115.30518,Moderate,37.945953,30.519789,2.9,9.3,0.61,24.3,49.0,125.0,Moderate,38.502804,33.41482,5.6858435,8.264249,0.37,25.439909,58.35964,135.0,Moderate,27.700243,5.66756,10.413914,9.513008,0.38,24.987051,41.427364,115.0,Moderate
2025-03-08,42.703693,15.997099,5.31864,7.6,1.16,23.410883,31.66653,100.93492,Moderate,31.33455,30.143627,2.9941525,9.9,0.49,24.366842,55.009438,111.0,Moderate,37.90115,36.290417,5.442722,10.537886,0.37,25.64,52.827194,105.0,Moderate,30.2073,5.63194,7.5,8.917203,0.34608662,24.600897,49.3612,107.0,Moderate
2025-03-09,36.23,14.413631,10.152862,11.458204,1.03,23.8,35.48079,91.0,Satisfactory,25.826857,22.69795,2.5,10.496071,0.46,22.8,49.05693,114.0,Moderate,39.997242,41.185795,4.9,7.6920176,0.3917639,25.49,54.37717,83.0,Satisfactory,41.292953,9.5,8.596945,6.617275,0.46,27.026083,64.97175,66.0,Satisfactory
2025-03-10,32.465446,14.385926,11.302024,10.972005,1.1,23.4,20.904562,91.0,Satisfactory,38.6745,20.0,2.9025033,9.9,0.59,22.23938,48.0,112.0,Moderate,37.182934,46.24214,9.21855,7.9936004,0.29,26.499605,51.123505,104.11143,Moderate,39.69588,6.7366385,9.956558,7.094651,0.4,26.3,44.060993,91.014725,Satisfactory
2025-03-11,29.614725,18.1,10.532797,10.875678,1.009169,23.628489,18.879295,103.0,Moderate,38.37507,23.546295,3.0288568,9.234875,0.66,22.4,48.0,124.0,Moderate,38.9794,54.918953,10.811906,11.2,0.36,26.59,54.72471,123.0,Moderate,52.96636,5.5,9.284674,10.440312,0.4678985,24.3,51.834797,120.0,Moderate
2025-03-12,37.237316,20.694576,10.6,10.889649,1.01,23.7,24.247246,85.0,Satisfactory,50.45404,27.012154,3.1,10.2,0.99862856,22.493889,41.0,133.0,Moderate,48.0,55.26822,9.910789,10.314466,0.43,26.58,47.60211,111.0,Moderate,44.46802,9.303465,8.4,7.2555885,0.58,26.102123,49.00917,108.0,Moderate
2025-03-13,37.304314,20.706432,8.33487,6.2721744,0.92,23.9,19.796282,92.0,Satisfactory,41.47128,25.839956,2.5,10.329279,0.75,22.7,39.651016,135.0,Moderate,52.661514,55.895176,10.03372,11.4,0.44,27.13,47.083527,107.44909,Moderate,43.13363,6.8888693,10.018016,8.833141,0.56,27.034416,42.90593,112.0,Moderate
2025-03-14,44.523457,17.995098,10.6,4.300953,0.97,23.963316,18.3,98.0,Satisfactory,39.311165,35.065044,2.2,11.98073,0.66,22.1,37.728203,142.21004,Moderate,56.616596,63.480927,10.656843,7.389146,0.55,26.84,51.406956,107.0,Moderate,42.217487,5.5533075,8.929444,5.756246,0.43,26.573164,40.581608,105.0,Moderate
2025-03-15,55.265415,23.510244,15.3,5.8115067,1.0543393,24.363094,17.898748,94.0,Satisfactory,28.894968,33.67138,6.684371,9.4,0.5601037,23.518112,32.056328,143.0,Moderate,51.669384,63.7278,13.264829,8.410857,0.46,27.016655,49.927246,86.0,Satisfactory,40.664562,9.397141,7.971423,8.106332,0.39,23.298475,37.771492,107.0,Moderate
2025-03-16,41.3569,18.063839,10.3,5.0920277,0.94,23.8,18.3,95.0,Satisfactory,29.263891,49.01029,3.1746485,10.3,0.53,25.012924,31.028145,129.0,Moderate,39.699398,64.03156,14.087698,10.768346,0.41,27.34468,52.697918,55.0,Satisfactory,46.004307,16.922415,10.146149,8.5,0.38000655,24.188055,38.402046,107.0,Moderate
2025-03-17,46.31958,17.85208,6.6491814,6.496377,0.86,24.21465,18.3,98.34102,Satisfactory,44.873676,28.446827,3.521264,12.037121,0.65926015,23.36114,33.247925,135.0,Moderate,36.624832,83.583015,12.984224,10.776693,0.37,27.64,49.470097,100.04022,Moderate,61.22165,18.463467,8.378803,10.0,0.57,23.2,42.89125,123.363144,Moderate
2025-03-18,51.134666,17.089266,8.621139,6.9,0.89,23.5,21.581785,137.03168,Moderate,41.94667,27.566023,5.401707,10.6,0.49,20.3,38.50591,126.0,Moderate,44.43867,53.790695,10.392751,10.491105,0.35,26.92,46.612217,130.68178,Moderate,63.855312,11.202864,2.2,8.3,0.44,23.4,43.29533,124.664345,Moderate
2025-03-19,49.70485,15.6,7.950845,8.192839,1.16,23.5,33.590515,106.0,Moderate,38.927155,29.165495,3.6917667,12.775252,0.5,22.407112,36.827606,125.48681,Moderate,50.61255,54.732777,9.294791,7.6,0.38,26.52,53.529236,131.51215,Moderate,54.220787,18.386507,7.3,8.092218,0.34,23.02244,43.3805,109.0,Moderate
2025-03-20,39.274353,18.589397,5.3,6.559769,1.11,23.9,32.775032,79.0,Satisfactory,36.301575,44.807518,3.1842432,14.853527,0.68,23.2,42.54095,131.0,Moderate,31.47927,53.35717,12.197875,9.881902,0.48673394,26.043097,54.97817,94.0,Satisfactory,44.898693,11.79119,8.046022,8.67294,0.58,22.501968,55.665157,83.0,Satisfactory
2025-03-21,35.419025,14.783783,10.6,6.7016673,1.1400359,24.107012,27.6151,83.0,Satisfactory,29.597456,40.31894,2.240258,18.016094,0.64,21.7,36.75765,110.14972,Moderate,32.423897,55.127834,12.683595,7.7249928,0.46,26.97,55.53418,95.0,Satisfactory,40.215218,6.197889,8.238211,9.269464,0.42,23.545752,60.934624,88.0,Satisfactory
2025-03-22,34.637638,14.467364,11.80967,6.4709425,0.88,23.618519,27.077518,84.0,Satisfactory,36.252426,44.718487,2.1,12.352943,0.71,21.405922,42.722927,118.0,Moderate,33.796806,65.103195,9.064973,7.762101,0.36,25.739761,48.885723,82.0,Satisfactory,42.239704,9.042285,7.5,8.8,0.47,24.165794,57.008797,100.0,Satisfactory
2025-03-23,41.382393,13.995511,5.7735343,6.9066234,1.1236739,23.4,40.09325,70.0,Satisfactory,21.300613,38.127117,2.1,15.05372,0.64,18.800007,39.621666,122.457695,Moderate,30.455652,77.295,12.329009,6.969894,0.39,26.21779,43.87989,103.0,Moderate,42.04132,15.96416,7.807358,8.696217,0.43,24.391579,54.8636,93.0,Satisfactory
2025-03-24,36.23,13.4,7.0784087,5.980703,1.2722746,25.13069,18.3,87.0,Satisfactory,24.119444,26.84478,2.3,16.395327,0.55,20.207323,31.571718,151.9745,Moderate,40.329857,47.123222,9.026595,9.969237,0.46,25.989824,48.0,107.0,Moderate,38.094753,16.524033,6.5053573,7.4147353,0.5,24.60238,44.01215,100.0,Satisfactory
2025-03-25,35.27074,12.4,8.006246,6.9,1.2779171,26.0,18.3,96.0,Satisfactory,30.98732,22.983997,3.4,12.019754,0.58,20.227987,35.01433,126.61157,Moderate,45.271122,46.57941,9.733286,8.459864,0.48914716,25.56,49.03339,101.0,Moderate,33.988857,21.527143,8.183565,8.3,0.52,24.3,42.777954,75.0,Satisfactory
2025-03-26,47.16728,12.4,5.3,7.0000134,1.05,25.6,18.3,84.0,Satisfactory,40.36978,25.510864,3.3122756,17.123972,0.62,21.2,37.336613,118.0,Moderate,48.30105,53.849304,9.732782,9.457958,0.48,26.504513,47.706398,102.0,Moderate,47.16896,39.89563,10.275717,9.005762,0.74,25.173386,42.275955,105.0,Moderate
2025-03-27,46.074646,12.4,3.9807446,7.90135,0.85,24.92,18.3,56.0,Satisfactory,39.67043,31.88775,2.9,11.9784155,0.65,20.724085,34.601147,106.0,Moderate,41.07033,54.187447,14.339353,10.0,0.42,26.97127,45.412434,98.0,Satisfactory,31.705616,13.61377,11.897582,9.0608835,0.77,24.6,41.341896,73.0,Satisfactory
2025-03-28,33.815918,12.377241,4.314546,6.1,0.86,24.83,18.3,65.0,Satisfactory,19.338732,29.89831,2.5,16.715961,0.74,23.313396,33.961765,120.0,Moderate,28.172058,38.973866,20.907236,10.72,0.36759812,26.608932,49.95714,99.0,Satisfactory,28.283321,11.2,8.275473,11.251359,0.58,27.169485,40.813198,63.0,Satisfactory
2025-03-29,50.119408,12.4,6.042397,8.262862,0.84,24.9,18.3,96.155846,Satisfactory,17.484667,33.09586,2.9,15.074424,0.96,23.023039,35.090942,111.0,Moderate,28.526182,38.30047,21.967718,11.210454,0.46,26.86851,51.897034,94.0,Satisfactory,36.809223,17.742865,15.79493,8.165569,0.53,25.881195,43.42038,82.0,Satisfactory
2025-03-30,41.60746,12.4,7.921883,7.6,0.78,24.27,18.3,88.0,Satisfactory,16.612053,27.937508,2.88525,12.792412,0.55,23.316833,41.19043,110.824066,Moderate,30.403685,33.61271,22.588936,9.082809,0.4,26.650402,51.999893,101.15309,Moderate,41.39805,13.529127,10.625546,10.302722,0.48,25.414274,41.378063,90.4093,Satisfactory
2025-03-31,34.197826,14.055594,9.204588,8.180221,0.84,23.6,21.605228,101.0,Moderate,17.380945,26.363304,3.0028641,17.631285,0.63,21.653484,38.510338,112.0,Moderate,22.502878,44.534042,23.488596,10.828219,0.41,27.045815,51.195152,81.0,Satisfactory,31.591726,11.2,9.596282,11.4,0.42,24.781836,43.7,94.0,Satisfactory
2025-04-01,29.950012,13.428701,7.617834,5.5,0.96,23.698254,22.035257,100.0,Satisfactory,21.197105,27.854963,6.3509026,17.527756,0.82,23.737116,36.390842,130.0,Moderate,22.758574,41.814106,20.978437,10.864939,0.37,27.25,48.250835,99.00103,Satisfactory,32.557617,9.503603,13.696653,10.4,0.53,24.422009,49.322372,98.0,Satisfactory
2025-04-02,42.66354,15.6,8.086612,7.8205953,1.0731264,24.33,18.3,89.0,Satisfactory,29.831562,29.67547,9.083352,16.763405,1.09,24.821558,36.0003,119.0,Moderate,33.50901,55.017384,25.24005,10.51,0.49,27.224598,46.487537,100.0,Satisfactory,39.135708,15.687193,11.695982,9.0,0.46,24.5,43.701363,83.0,Satisfactory
2025-04-03,36.790127,12.4,5.4,6.8,0.99,24.754196,18.3,101.0,Moderate,17.68063,35.866417,7.2684684,16.397228,0.68,23.2,38.476482,117.0,Moderate,18.298347,50.595417,20.113602,8.426756,0.45,27.125408,44.480736,85.0,Satisfactory,51.076183,14.2000475,8.676059,6.68,0.51431394,26.109236,36.626457,71.632576,Satisfactory
2025-04-04,35.786945,15.6,4.310197,5.4,0.9,24.3,18.3,103.0,Moderate,19.886084,28.697714,6.191127,18.876389,0.64,21.8,35.90742,119.0,Moderate,17.702467,51.363113,22.41992,10.416342,0.41,25.86597,51.75736,94.0,Satisfactory,38.98854,10.298953,8.731936,8.828234,0.57,25.87107,42.74898,82.0,Satisfactory
2025-04-05,36.068634,15.559223,8.000277,4.8497286,0.86,24.330658,25.952868,100.0,Satisfactory,19.83434,44.00094,7.926721,16.96738,0.93,23.321321,31.404543,118.0,Moderate,26.122946,36.132725,15.333938,11.0,0.49225298,26.58,54.499256,75.0,Satisfactory,53.45029,9.817913,10.775063,8.341921,0.74,28.69462,43.62726,107.0,Moderate
2025-04-06,43.158535,12.4,5.3789425,5.4174,1.13,24.8,27.569658,110.0,Moderate,43.15136,28.907494,7.5069017,17.504757,0.75,23.403704,34.352924,130.0,Moderate,44.699413,34.097195,12.726663,11.0,0.41,26.82,57.229424,107.50802,Moderate,52.957283,12.061492,11.936432,6.781186,0.51,28.947214,45.014755,121.0,Moderate
2025-04-07,29.809715,13.908291,3.2,5.0,1.18,24.7,26.0,105.0,Moderate,32.139137,25.585178,8.722108,15.305653,0.74,23.476162,38.50287,124.0,Moderate,51.30054,45.44571,13.0,10.537206,0.39,26.586973,59.0,122.52389,Moderate,64.42962,9.3,12.542782,6.24903,0.48,26.22,43.309425,100.0,Satisfactory
2025-04-08,32.68402,12.4,4.109704,4.25,1.2022343,24.7,26.565847,99.98026,Satisfactory,35.137882,31.459352,9.610939,20.10663,0.67,21.821981,35.897865,119.0,Moderate,44.071896,49.960148,13.324497,7.620036,0.4,27.18,57.134506,94.0,Satisfactory,48.885292,6.980412,9.391268,6.522092,0.39,26.7,43.67812,87.0,Satisfactory
2025-04-09,36.036667,12.4,4.1993613,4.276063,1.2694346,24.62,32.668915,87.0,Satisfactory,29.666222,40.060944,8.227575,20.356758,1.2495966,22.431576,35.2563,85.15578,Satisfactory,28.052883,48.840088,13.998341,10.9,0.45,27.18,54.47203,71.03664,Satisfactory,48.02226,11.1,9.3807535,5.9335566,0.53,28.191278,43.151943,87.0,Satisfactory
2025-04-10,37.9695,12.4,5.3,4.5,1.0923415,25.3,39.75635,106.0,Moderate,37.127567,34.329334,11.537338,17.271093,0.8,22.253012,40.802746,105.0,Moderate,33.700333,54.978127,22.919601,10.2,0.37,26.966085,52.173466,74.042915,Satisfactory,34.865776,9.0,9.30147,5.413802,0.45,27.652742,44.007175,98.75751,Satisfactory
2025-04-11,38.201054,12.4,9.643257,4.25,0.98,24.33,46.254078,112.0,Moderate,33.973133,24.40094,5.489193,13.143944,0.9,23.3,36.019142,113.0,Moderate,39.67142,53.26648,19.427467,10.67699,0.36,26.556725,57.63311,108.91029,Moderate,30.290289,8.254965,11.490555,5.353346,0.34,27.37306,43.399006,106.0,Moderate
2025-04-12,37.946297,15.445403,10.6,5.793887,1.0203239,24.079927,38.508835,106.0,Moderate,29.886,32.205956,5.321602,14.196528,0.75,22.32554,39.646065,115.0,Moderate,42.46824,45.49325,21.408234,10.69,0.36,25.896776,57.392475,124.27468,Moderate,33.401688,10.196619,12.586453,5.352058,0.51,28.223328,43.26845,113.26252,Moderate
2025-04-13,32.46258,13.746166,7.9373293,5.4053664,0.9341021,24.763906,29.602583,90.0,Satisfactory,32.727448,26.24409,2.965177,11.449388,0.88,22.413364,42.02963,103.0,Moderate,33.00701,54.936424,21.957447,10.756742,0.38,26.27934,58.208385,97.0,Satisfactory,37.671135,16.552774,16.258207,4.43,0.7296319,28.020735,42.22476,92.004776,Satisfactory
2025-04-14,33.29425,17.065157,10.35137,4.4,1.06,24.6,38.593994,98.0,Satisfactory,39.983524,30.899773,4.093483,10.69144,0.88,19.784977,53.033787,104.0,Moderate,42.7674,53.320713,15.234007,9.842179,0.4,25.431168,60.0,123.0,Moderate,44.14065,14.425666,10.132061,5.645051,0.7,28.238354,45.19197,93.0,Satisfactory
2025-04-15,36.490395,12.3,12.546715,3.847785,1.05,23.965105,42.26476,101.0,Moderate,30.224068,25.286442,3.7920673,13.788133,0.8461223,20.7,43.30637,73.187416,Satisfactory,39.320934,42.93289,21.359436,10.891205,0.47108048,25.436338,68.00639,106.61832,Moderate,38.838272,10.200836,11.584846,5.2910957,0.79,26.5,42.88076,51.0,Satisfactory
2025-04-16,34.93834,13.832591,12.441383,4.162832,0.93,24.58886,39.947285,83.0,Satisfactory,23.383116,19.809256,6.27418,16.713459,1.04,20.090185,39.963665,82.97676,Satisfactory,32.25227,39.270584,12.387254,10.425543,0.53,26.59,69.0,103.56584,Moderate,31.702328,6.12367,14.476841,7.6939797,0.75,26.52,42.32755,38.0,Good
2025-04-17,36.708057,12.4,8.843757,4.312567,1.0,25.58,43.207466,86.0,Satisfactory,16.682373,29.917768,4.4938045,12.472762,0.8506658,20.031965,38.51985,108.38962,Moderate,36.197086,54.953102,12.7,10.7,0.4,27.23,63.96314,82.0,Satisfactory,46.50578,8.487393,10.8,4.177942,0.57,26.707796,41.188934,66.0,Satisfactory
2025-04-18,55.412315,14.920262,10.986493,4.125731,1.0920769,24.978748,35.184406,90.0,Satisfactory,20.013426,29.677914,1.9,17.198463,0.72,20.7,40.868168,112.58578,Moderate,35.25435,71.0008,12.714322,9.9,0.41,27.12305,57.83701,73.0,Satisfactory,38.99908,7.9024043,12.119573,4.0838423,0.59885764,27.936775,43.281868,89.0,Satisfactory
2025-04-19,49.010784,13.905239,15.3,4.5,0.91,24.1,32.680904,90.0,Satisfactory,21.80373,27.609434,1.9,14.882524,0.59,19.375376,31.665323,105.0,Moderate,29.297615,62.773335,22.196892,10.257846,0.36,25.907904,58.41018,90.0,Satisfactory,43.948517,5.380339,13.429229,5.3199053,0.84,25.768684,43.765926,107.0,Moderate
2025-04-20,43.915573,18.106995,15.292383,3.8056352,0.82614625,24.751987,43.703896,81.0,Satisfactory,22.949852,29.714672,1.7,19.794083,0.48,21.1,31.050308,117.0,Moderate,28.819777,54.209858,22.006075,10.691814,0.37,26.422302,62.595757,96.0,Satisfactory,28.302853,12.443957,13.7,7.005891,0.8,26.5,44.53504,107.0,Moderate
2025-04-21,37.784885,16.42176,13.354403,4.6,0.89,25.411142,41.0,86.0,Satisfactory,20.844952,42.537106,1.9,16.857777,0.64,18.605305,34.49511,108.0,Moderate,29.235369,55.051872,23.443186,10.830555,0.4,26.91,56.591503,78.0,Satisfactory,20.804848,10.716372,13.293321,5.5353923,0.8,28.220947,43.420906,83.0,Satisfactory
2025-04-22,35.70489,14.553409,8.277622,4.53601,1.03,24.3,52.0,90.0,Satisfactory,28.048424,38.26954,1.4334768,12.524473,0.43034112,20.211916,37.292084,122.0,Moderate,30.755768,55.203163,23.533602,10.598394,0.39,27.1,58.448277,78.0,Satisfactory,26.53138,9.504259,10.660748,5.54,0.47,27.84481,42.78246,62.0,Satisfactory
2025-04-23,44.849068,13.583627,7.949728,4.25,0.98964715,23.4,50.625053,72.0,Satisfactory,22.924387,34.806374,1.6992738,16.913624,0.7,18.512981,39.46796,108.0,Moderate,25.947874,55.75374,15.395726,10.490616,0.4,26.79,58.0,61.0,Satisfactory,34.184036,10.655159,11.786569,4.3740926,0.52,26.693829,43.65715,43.0,Good
2025-04-24,45.93847,12.4,7.6210766,3.2245667,1.0039219,23.7,43.006912,77.0,Satisfactory,28.267326,31.699318,1.6,12.20694,0.64,18.554153,36.680035,114.96939,Moderate,30.90643,52.703663,13.654913,7.5997963,0.41,26.899181,54.922375,66.0,Satisfactory,40.41707,15.4,11.8,4.518997,0.4898116,24.968868,43.537846,75.0,Satisfactory
2025-04-25,53.832954,12.4,8.237064,3.1,1.07,25.051975,40.653294,81.0,Satisfactory,26.968237,31.887384,1.8,11.174088,0.58,19.873665,37.870163,109.0,Moderate,36.598976,54.470695,13.244073,7.2376146,0.37,27.249172,60.197193,73.0,Satisfactory,48.37376,9.0,10.165116,5.360014,0.6,25.079556,42.156704,78.0,Satisfactory
2025-04-26,50.6883,12.4,9.883858,4.1,1.06,25.252665,43.756287,78.0,Satisfactory,26.194073,30.302658,1.9,9.8,0.45,18.8211,32.297436,107.0,Moderate,34.028645,54.95459,18.176165,6.5855923,0.38,25.40747,57.50112,77.00448,Satisfactory,39.78424,8.55293,11.2,6.24,0.58,25.585812,43.70093,83.0,Satisfactory
2025-04-27,49.02149,13.514085,4.822015,3.6944983,1.2606587,25.640877,31.230898,68.0,Satisfactory,30.565868,28.213501,2.0,12.69692,0.47734457,18.439867,32.77129,108.0,Moderate,40.007595,61.7392,29.01935,7.6043863,0.38,25.718586,51.824883,100.0,Satisfactory,54.15709,8.8,15.759476,4.8859067,0.7,26.136824,37.685352,93.0,Satisfactory
2025-04-28,45.343815,13.582758,3.999706,3.1217809,1.04,25.6,39.260567,72.0,Satisfactory,26.849957,23.35482,1.9,13.795016,0.43,17.462667,31.536562,107.0,Moderate,38.79947,50.088364,21.822489,6.02,0.39,25.0,53.0,72.0,Satisfactory,47.310658,6.4916706,15.072316,5.355725,0.49,26.464195,42.218117,92.0,Satisfactory
2025-04-29,63.143116,12.4,3.8515754,3.21,1.07,25.527828,25.95545,79.0,Satisfactory,38.729336,31.498602,1.6,11.018567,0.74,17.446001,32.02891,114.72159,Moderate,39.474182,53.25752,21.313562,8.786941,0.38,25.465982,49.0,56.713646,Satisfactory,47.447845,7.7114596,13.015904,6.4107814,0.53,25.495062,35.86844,67.33869,Satisfactory
2025-04-30,62.234386,12.4,4.8021836,3.2,1.1,25.446571,40.70259,83.0,Satisfactory,28.858517,32.57793,1.7436346,11.404033,1.0001191,18.067387,34.0816,123.0,Moderate,33.797867,37.166916,20.714865,7.222686,0.42,23.4,56.866344,76.0,Satisfactory,33.879307,7.698353,14.9873,8.863019,0.4799703,25.825375,38.71857,50.0,Good
2025-05-01,56.25912,12.4,4.0229692,2.9152887,1.16,25.52,43.17987,91.0,Satisfactory,32.33848,39.729206,2.4,11.366232,1.1066217,19.215199,37.844055,124.0,Moderate,48.589394,41.382534,14.71465,9.623751,0.37,24.2,57.236393,96.0,Satisfactory,49.30559,10.41912,13.750093,6.984529,0.42,26.616251,43.80056,78.0,Satisfactory
2025-05-02,43.38419,12.3,6.7056584,3.5584872,1.0967655,25.535393,46.262882,80.0,Satisfactory,17.701115,34.515083,1.9,11.747633,1.01,18.511673,40.827915,124.0,Moderate,33.660957,52.328876,22.959959,10.612007,0.43,26.052626,60.671387,83.0,Satisfactory,50.197456,11.399258,11.180171,9.400969,0.62,25.315361,43.811626,83.0,Satisfactory
2025-05-03,40.61027,11.042083,4.664387,4.1019454,0.96,25.224026,38.924564,81.0,Satisfactory,24.078852,28.705555,2.532239,9.848551,0.8689425,17.783243,37.28306,118.0,Moderate,30.487041,55.107586,16.289614,10.745125,0.37,25.893028,62.962162,73.0,Satisfactory,39.3009,4.196069,9.723649,6.5605664,0.57,25.625675,42.0,79.27615,Satisfactory
2025-05-04,38.15063,11.499283,4.103815,4.4,1.3065435,24.958925,45.381767,84.0,Satisfactory,22.101725,28.517176,1.9,10.404879,0.6,16.759928,44.986156,114.0,Moderate,24.622774,38.895523,11.378465,10.981171,0.39,23.705006,66.54559,82.0,Satisfactory,25.83035,5.5854473,11.185879,8.52,0.44,25.4,43.360126,63.0,Satisfactory
2025-05-05,34.75443,12.4,4.205548,4.12,1.1557252,25.47,49.016193,90.0,Satisfactory,18.668365,35.756725,1.9201617,11.468109,0.66,16.95672,42.422527,108.0,Moderate,34.534634,29.496021,13.0,9.687505,0.37,22.792084,61.5939,76.0,Satisfactory,28.973509,1.4228592,12.572168,6.2807217,0.43,24.33,39.067043,57.0,Satisfactory
2025-05-06,40.47109,12.3,4.311539,4.39767,1.2857835,25.526012,43.008163,94.0,Satisfactory,15.364493,30.30475,1.6993709,9.4,0.66,16.779762,39.363777,107.0,Moderate,35.592297,42.613625,10.625505,10.106172,0.41,23.03142,61.61409,86.0,Satisfactory,35.00183,2.8698037,10.5,6.2825794,0.48,23.7,41.99753,74.0,Satisfactory
2025-05-07,53.889034,12.4,4.539383,3.7384834,1.06,25.439716,39.0,85.0,Satisfactory,16.727224,30.627464,2.8076274,9.23345,0.93,16.830769,38.986244,109.0,Moderate,32.813927,51.39757,11.136528,10.436404,0.44,23.007719,61.04545,89.0,Satisfactory,41.853405,2.7623875,10.510199,5.7273808,0.47,24.8,36.95259,54.0,Satisfactory
2025-05-08,50.083057,16.767838,10.6,3.3865705,1.03,25.52,45.447857,105.0,Moderate,15.7948065,27.600567,3.2,10.745804,0.88,17.009333,37.34534,113.0,Moderate,19.201073,39.412464,13.912661,11.125269,0.36,23.7,70.794785,98.47202,Satisfactory,29.002321,3.8775432,10.950228,10.173244,0.53,24.2,42.49848,84.81936,Satisfactory
2025-05-09,44.24472,12.4,4.6036177,3.9,1.0584167,26.257175,43.189434,96.0,Satisfactory,25.174204,35.823784,2.1,11.097501,1.0,17.804987,35.232124,124.0,Moderate,25.007164,45.58144,15.079309,11.135869,0.35,25.388428,63.56797,103.0,Moderate,25.519194,4.3,9.546241,8.162425,0.49878645,25.63,40.80059,98.0,Satisfactory
2025-05-10,46.110596,12.4,9.308173,3.3865674,1.17,25.0,54.0,99.0,Satisfactory,22.557726,38.419155,2.8000302,11.223148,0.7408774,17.034626,38.475346,123.0,Moderate,25.849504,41.846447,15.011413,12.3,0.36,23.8,60.96739,85.0,Satisfactory,30.68343,5.040146,11.180773,7.058994,0.6,25.558348,43.291443,58.0,Satisfactory
2025-05-11,56.069324,11.587124,9.554901,3.426727,1.1486549,25.0,40.603493,84.0,Satisfactory,29.339231,33.203453,3.934138,9.686144,0.82738644,17.01492,42.858505,113.0,Moderate,42.63469,33.12598,13.173737,10.8,0.47,23.343386,59.65682,63.0,Satisfactory,41.590424,3.7,11.185785,6.207827,0.52,24.739704,43.26847,55.0,Satisfactory
2025-05-12,45.238876,11.521412,6.7460656,3.6532102,1.07,25.0,56.952908,83.0,Satisfactory,30.448462,23.00003,6.2410917,10.3,0.73,17.041162,42.742874,104.0,Moderate,40.845596,34.127907,14.936138,11.120421,0.46,23.0,61.996086,49.0,Good,38.00807,3.8,8.258797,5.838182,0.44,25.4,44.073715,55.492393,Satisfactory
2025-05-13,42.524902,12.3,7.8771806,3.6207194,1.1254927,25.19895,38.403465,80.0,Satisfactory,29.501265,29.7579,2.3,10.034358,0.73,16.23141,43.014606,106.0,Moderate,44.451088,37.757652,12.9,10.200517,0.37,23.898785,57.866776,39.0,Good,39.362705,3.8,9.9,5.3420744,0.49,24.641508,46.0,74.92445,Satisfactory
2025-05-14,47.586235,12.3,5.4,4.066951,1.385465,24.868114,56.4309,78.03966,Satisfactory,22.730085,29.990845,2.556264,10.6,0.6566124,16.96699,43.26362,106.0,Moderate,39.904392,37.84332,13.421132,9.984708,0.35,23.347326,64.483444,62.0,Satisfactory,26.094675,3.8,8.590612,7.0,0.47,24.939907,46.830116,60.0,Satisfactory
2025-05-15,42.570545,12.4,5.7,3.8,1.2469379,25.146551,60.20648,68.0,Satisfactory,19.68,28.197088,2.7051535,9.8,0.66,16.835571,45.882534,96.0,Satisfactory,26.664104,39.357693,14.962444,8.678656,0.28,23.0,69.78801,69.0,Satisfactory,28.982018,4.464437,9.395686,8.03,0.34,24.16603,50.86652,54.0,Satisfactory
2025-05-16,30.884048,10.456818,7.9341707,4.6128106,1.2775373,25.244417,68.63271,61.390186,Satisfactory,16.7,22.906565,2.7,9.0,0.64,16.534071,55.029846,78.0,Satisfactory,19.750938,31.615002,12.4,9.483844,0.33,23.342339,75.001915,36.0,Good,19.551243,6.142358,8.2,8.513513,0.32605058,23.8,49.458076,39.0,Good
2025-05-17,30.284561,12.3,3.708127,4.3,1.1152449,24.682503,63.0,58.0,Satisfactory,17.881319,19.5,3.189999,9.95326,0.54,16.206928,54.72048,98.0,Satisfactory,20.05636,45.609726,14.447198,8.769953,0.32,23.6,66.14986,31.0,Good,19.23529,3.8,7.0,6.664754,0.54,23.5,55.75025,29.0,Good
2025-05-18,32.544964,9.002225,4.7186656,4.631429,1.3,24.014036,64.795525,61.0,Satisfactory,18.110403,20.900242,2.1,10.206338,0.5,16.532839,50.354694,97.0,Satisfactory,16.474943,54.452057,13.5,10.99,0.39,23.003006,68.36425,30.932735,Good,18.56218,2.8277454,7.016384,6.798812,0.54,24.06,60.071934,53.0,Satisfactory
2025-05-19,34.87675,9.921108,9.216981,4.072973,1.3002545,24.7,55.66712,66.0,Satisfactory,18.009563,29.907871,1.8,10.2,0.48,16.880253,56.0,94.0,Satisfactory,19.903393,37.855854,12.938646,10.6621475,0.38,22.863617,64.25841,64.018616,Satisfactory,32.239414,1.6276008,4.3964796,5.506697,0.3,23.626104,61.94219,41.0,Good
2025-05-20,30.132586,12.4,9.153273,4.257372,1.3235699,24.951536,61.0,73.0547,Satisfactory,19.071136,23.098793,1.7,10.3,0.661655,16.639767,49.94903,103.369064,Moderate,25.894285,42.869038,9.669932,7.6999407,0.33,22.602226,70.47609,66.0,Satisfactory,26.11299,2.5535276,6.9,5.3,0.22512032,24.2,52.79991,47.0,Good
2025-05-21,37.890453,12.4,9.998479,4.0265574,1.2,25.654758,54.126923,59.0,Satisfactory,24.07912,30.307617,2.0644665,9.67297,0.83,16.924513,46.004402,105.97601,Moderate,32.05084,46.75967,8.65287,6.075329,0.3,22.50388,66.67045,53.0,Satisfactory,33.95233,2.8412411,4.2012343,5.4,0.45,24.162346,44.0103,48.0,Good
2025-05-22,38.704956,11.930711,11.097271,3.8,1.1492835,25.213749,41.266068,73.0,Satisfactory,20.989813,19.60559,2.3,10.484225,0.72,16.890392,45.959515,115.0,Moderate,30.5657,39.258667,12.214934,9.032057,0.35,22.7,68.34305,44.0,Good,28.703037,2.784119,7.3273325,5.2288995,0.53,24.879795,43.330215,66.0,Satisfactory
2025-05-23,40.12656,12.3,10.6,3.6,1.0734468,25.128757,51.0,79.97752,Satisfactory,20.246878,16.742725,1.5309174,9.660683,0.53,16.45718,50.711403,107.482285,Moderate,24.496613,36.16169,11.16642,10.339861,0.34,22.1,67.625084,63.926926,Satisfactory,25.63385,0.9299956,4.217402,5.399139,0.36,25.470924,43.1709,72.0,Satisfactory
2025-05-24,28.11121,6.841862,6.2433724,4.3150296,1.08,25.16941,59.716274,82.0,Satisfactory,15.237162,17.361113,0.90272427,9.55731,0.53,16.076002,59.20857,103.0,Moderate,15.223176,34.491516,9.549603,11.072063,0.31988057,22.3,70.0,50.0,Good,23.808348,2.2594585,3.299734,5.5806065,0.31058916,27.8,48.241833,55.0,Satisfactory
2025-05-25,27.87505,9.935956,8.4,3.6069043,1.04,25.459976,53.89233,59.0,Satisfactory,15.502007,22.753443,0.8192724,11.217328,0.65,16.248768,54.999077,97.0,Satisfactory,16.70155,34.862106,6.6145067,10.314734,0.29,21.900774,68.0,32.0,Good,29.692087,1.0252432,4.9,5.25,0.4216349,27.261692,47.0,34.87074,Good
2025-05-26,31.799269,9.695298,5.0333767,4.0316734,1.12,25.228683,43.3517,55.0,Satisfactory,22.015543,20.110767,1.5360429,10.60693,0.69,16.308167,49.402065,89.0,Satisfactory,28.278454,36.813885,8.491355,8.258572,0.34,22.524923,69.001144,32.0,Good,33.250137,0.25267932,6.7,5.415689,0.34,25.6,47.361103,35.0,Good
2025-05-27,30.973616,12.3,7.5403204,3.376149,1.3310552,25.28,38.233097,58.061157,Satisfactory,29.938246,30.336327,1.6824176,9.338862,0.94,16.378925,51.57816,98.0,Satisfactory,28.503637,34.3335,7.7513795,10.5,0.32,22.213373,67.152855,38.0,Good,42.434,1.7749844,4.1013665,5.6686854,0.32793337,24.8,46.422478,42.0,Good
2025-05-28,32.19442,7.8690166,5.4,4.2,1.5705365,24.961853,54.405876,70.0,Satisfactory,25.793425,22.86515,1.9,10.114222,1.03,16.27026,47.01544,110.10943,Moderate,24.001295,36.08703,9.12164,10.66115,0.32,21.7,71.979576,34.0,Good,28.545198,3.7,4.14013,5.831216,0.33,25.308434,49.394295,54.0,Satisfactory
2025-05-29,31.063885,7.484773,4.304177,4.2554784,1.216542,25.29,47.729874,62.0,Satisfactory,27.383986,24.3,2.3,11.013823,0.86,16.771616,49.174854,107.0,Moderate,17.691835,42.541965,9.229504,10.561876,0.26,22.001213,72.16553,58.0,Satisfactory,26.780052,3.1326993,2.2,6.17,0.37,24.231983,43.752934,72.0,Satisfactory
2025-05-30,31.245003,7.1820884,3.9136152,4.1340494,1.06,25.275314,56.30448,65.0,Satisfactory,20.900848,20.214367,2.372399,11.005131,0.64,16.947975,52.916195,109.63925,Moderate,17.0,25.193024,9.84258,10.667026,0.29,22.4,71.23524,49.593765,Good,21.275866,2.3438444,2.1,5.409721,0.41,24.7,53.766144,47.0,Good
2025-05-31,27.924053,9.351865,3.372011,3.43995,1.07,25.32851,45.297905,75.0,Satisfactory,28.39185,18.391685,1.8800071,9.5,0.74,16.73202,53.240322,115.0,Moderate,25.488012,27.92191,9.687878,10.756369,0.32,22.9,66.80006,37.0,Good,27.99733,0.30677432,2.1,5.5890875,0.37,25.62656,51.068645,43.0,Good
2025-06-01,27.621239,6.72601,2.7,3.2664697,1.2675693,24.75847,52.6176,70.28497,Satisfactory,21.823599,17.005402,1.8,9.7,0.52948695,16.381311,52.20533,115.0,Moderate,27.72153,26.184042,9.087588,10.1,0.32,22.7387,72.17598,39.0,Good,26.865274,0.33852452,3.197917,7.2256794,0.39,26.580215,55.506927,53.0,Satisfactory
2025-06-02,33.105534,6.3466644,2.8734527,3.4384837,1.01,25.010386,59.04818,62.0,Satisfactory,21.563425,19.197304,1.8989298,10.3,0.46,16.304066,48.78088,91.0,Satisfactory,30.972553,29.785711,10.201243,10.47,0.33,22.4,76.52782,49.0,Good,43.947586,0.21576078,2.1,5.365821,0.32,26.203703,53.049213,69.0,Satisfactory
2025-06-03,28.540197,5.33371,3.1046565,3.6745346,0.93,24.880741,62.32796,58.0,Satisfactory,18.725796,17.114986,1.7,9.8,0.52,16.17422,61.0,95.0,Satisfactory,21.742056,35.130028,12.285764,10.2,0.24027927,21.90062,78.31533,63.950146,Satisfactory,33.086807,0.24815409,1.730991,4.8223405,0.34,26.118385,67.0,65.47938,Satisfactory
2025-06-04,31.302475,5.820701,3.2,4.3,0.97,24.2,61.0,69.0,Satisfactory,21.337818,18.149113,1.9452441,9.587107,0.822976,16.562449,53.82133,106.0,Moderate,23.377989,34.568188,8.780532,9.955865,0.18,22.13684,75.44268,78.0,Satisfactory,37.013138,1.8885599,2.1,5.8146653,0.43,25.145803,56.48378,63.65877,Satisfactory
2025-06-05,30.983438,4.620571,2.81282,4.166774,1.06,24.28,64.728294,81.0,Satisfactory,26.623075,18.182688,1.7803948,9.50208,0.76,16.7022,53.047142,120.0,Moderate,27.987337,26.414557,8.681545,6.7696514,0.18,22.2,75.65375,75.0,Satisfactory,30.33183,3.1212761,1.3917592,5.5558996,0.44,25.700417,54.852066,70.754616,Satisfactory
2025-06-06,33.472824,5.922553,3.2,4.3,0.91,24.934046,61.0,81.0,Satisfactory,31.818655,17.430876,2.5,8.696515,0.65,16.686808,49.0,102.0,Moderate,34.787216,25.906162,7.355537,8.259202,0.2,22.1,68.591965,85.80995,Satisfactory,32.583755,2.762102,1.6961544,5.360417,0.36,25.543594,46.50319,62.0,Satisfactory
2025-06-07,29.755856,5.7593374,4.830398,5.5117145,0.99,25.39,54.0,80.0,Satisfactory,20.359344,15.900258,2.733817,8.8,0.49,16.32926,54.156647,97.0,Satisfactory,29.251081,21.71296,9.342392,10.57972,0.29,22.310972,71.426994,72.0,Satisfactory,28.357836,0.979401,2.1,5.3614626,0.31,25.975134,52.257793,65.0,Satisfactory
2025-06-08,29.428053,9.888597,5.697553,5.3,1.15,25.510912,51.99368,75.49975,Satisfactory,18.216837,17.116337,2.0,8.5,0.53,16.507025,54.181255,100.0,Satisfactory,22.781162,27.72019,8.586191,10.422817,0.24415655,22.0049,75.03685,41.0,Good,43.581303,0.30575567,1.3,6.6401525,0.36,24.029524,52.283504,50.0,Good
2025-06-09,28.80418,6.3786645,3.8727496,5.3321466,1.1474152,24.57998,63.000072,79.0,Satisfactory,21.153275,18.405159,1.9865499,8.9,0.52,16.94249,57.121044,102.60829,Moderate,25.83833,24.637688,6.1946535,10.398811,0.27,20.857933,79.61894,44.0,Good,44.904278,0.24194226,1.7909904,5.325878,0.36,24.2,61.47118,69.0,Satisfactory
2025-06-10,32.52109,12.3,3.7927358,5.274831,1.07,24.557652,67.16016,74.96603,Satisfactory,18.100636,18.698172,1.9,8.5,0.52248937,16.581375,68.0,86.0,Satisfactory,27.038343,27.451775,4.9,8.900031,0.3001182,20.487808,85.997986,72.0,Satisfactory,38.598904,0.18661202,1.8337168,4.6022363,0.42,23.4,65.0,82.0,Satisfactory
2025-06-11,29.980778,8.220845,4.1570044,4.963907,1.07,24.5,71.7449,78.0,Satisfactory,15.880023,15.2,2.3,9.188375,0.54,16.332588,63.577,96.0,Satisfactory,16.897974,29.295454,6.791172,9.3,0.31,20.584648,83.176605,67.0,Satisfactory,25.696564,1.2513267,1.5220548,4.8219857,0.42,23.599993,66.0,82.20144,Satisfactory
2025-06-12,25.380045,10.089698,4.1639037,4.8298864,0.98943394,24.0,72.103096,71.0,Satisfactory,11.3464155,16.262888,3.1720707,8.896995,0.56,16.441494,61.738407,109.0,Moderate,15.891581,32.29303,4.9,8.627575,0.28972134,21.360603,81.15068,66.0,Satisfactory,23.40914,2.0794907,1.9265724,5.23846,0.3801872,22.5,61.91991,75.0,Satisfactory
2025-06-13,20.157803,6.468315,4.5331664,4.4057384,1.04,23.5,79.43622,66.0,Satisfactory,10.296211,12.907795,3.002594,9.9,0.7,17.040531,58.0,92.0,Satisfactory,15.996981,28.3721,4.9,8.772757,0.24,21.92633,82.0,47.0,Good,22.507114,0.27899438,1.6914049,3.289201,0.42658013,22.665148,60.732773,58.0,Satisfactory
2025-06-14,20.686275,9.225558,8.299456,5.3,1.0441456,23.8,76.33447,70.0,Satisfactory,10.225029,14.24651,6.4593263,9.200172,0.56,16.65547,65.0,85.0,Satisfactory,24.063938,25.43923,4.8,10.0008545,0.24422178,21.413567,77.88776,30.0,Good,25.382944,0.49528554,0.61218387,3.625532,0.33,22.7,60.32519,40.0,Good
2025-06-15,17.30003,11.099063,6.0167713,5.4407377,1.38,23.6,72.33565,74.0,Satisfactory,13.711627,13.213427,4.1,9.3076935,0.59,16.707283,67.42334,78.1588,Satisfactory,18.28375,29.495365,4.9,7.9887757,0.32,21.3,69.23443,40.16592,Good,18.799213,0.28819484,0.45264086,3.6,0.36,23.20023,66.0,55.0,Satisfactory
2025-06-16,22.254755,10.67027,4.419634,5.4,1.304771,24.282845,67.55876,76.0,Satisfactory,15.880634,15.396384,4.008511,10.3,0.72,16.820007,52.812737,107.0,Moderate,22.767397,28.643105,4.8003354,8.198569,0.35,21.302628,71.7784,74.0,Satisfactory,32.932865,0.21284103,0.6181251,4.632365,0.33560908,23.402382,62.569412,98.0,Satisfactory
2025-06-17,21.16693,6.670669,3.8,4.938706,1.2344652,24.29,61.377285,69.0,Satisfactory,13.457226,11.783339,4.3995275,9.706672,0.51,16.959661,57.45839,96.0,Satisfactory,19.975971,24.463919,7.92105,6.4969125,0.3,21.653236,76.70358,78.0,Satisfactory,24.931541,0.10334532,0.45392066,3.7549863,0.38,20.626795,66.56602,84.93206,Satisfactory
2025-06-18,27.376354,10.235456,4.035029,6.2294135,1.07,23.557617,72.8425,65.0,Satisfactory,13.397761,12.964387,8.140146,9.50531,0.48261952,16.943726,61.27347,89.0,Satisfactory,25.892727,24.536772,5.6189737,6.7833166,0.1857439,21.7,80.53381,68.0,Satisfactory,22.298304,0.14826752,0.5828142,4.097674,0.3,22.269623,68.43194,59.0,Satisfactory
2025-06-19,29.293385,5.792011,2.968923,5.8738503,1.18,23.606836,77.963844,67.0,Satisfactory,17.29709,14.372008,9.594169,9.1161995,0.41662273,17.063494,56.00984,79.92145,Satisfactory,20.407824,24.851465,4.9,4.9744086,0.21,22.594755,80.0,44.0,Good,15.721373,2.363561,1.1947442,3.7,0.3,22.507267,69.29183,48.0,Good
2025-06-20,35.845898,5.9550886,3.2224336,5.569528,1.1608704,23.4,82.831474,54.0,Satisfactory,21.2103,15.4,8.750524,9.704874,0.46,17.937181,55.539017,81.0,Satisfactory,22.963072,25.14321,5.2984076,6.2135406,0.19,22.601194,78.98138,42.0,Good,15.4986725,0.30601752,0.6125871,3.799809,0.36,23.212193,64.97498,37.0,Good
2025-06-21,34.854263,6.3774753,4.155628,4.5301533,1.18,23.429613,78.040985,54.0,Satisfactory,16.997911,16.809397,5.9,8.5,0.3,17.952307,58.765484,80.0,Satisfactory,21.54353,20.776876,5.21503,7.7,0.2,22.601608,79.0,35.0,Good,24.80033,0.33334506,0.40375838,3.9841104,0.3,22.7,62.077003,52.76485,Satisfactory
2025-06-22,33.977474,10.408186,5.352292,6.0909834,1.04,24.4,75.8124,65.0,Satisfactory,24.931284,16.392523,6.7240753,8.2,0.35,18.092773,54.378235,79.0,Satisfactory,39.295387,27.145508,4.9,5.261533,0.18,22.659622,78.1646,52.0,Satisfactory,39.61133,0.20678009,0.4337988,4.773027,0.28,22.9,58.374817,53.0,Satisfactory
2025-06-23,30.343079,12.3,4.003857,6.460286,1.18,24.320612,70.03395,70.0,Satisfactory,36.091377,15.6,6.824327,6.7379823,0.41,17.425293,53.0,70.0,Satisfactory,42.972576,28.91639,6.6639895,3.7003028,0.17786826,22.6,70.78482,65.0,Satisfactory,44.332912,0.3103591,1.2471606,5.240776,0.38454148,22.1832,65.60776,67.36526,Satisfactory
2025-06-24,28.444674,9.791504,5.0183024,6.3324904,1.2168432,24.340921,68.06697,61.0,Satisfactory,50.94225,23.13476,4.1,7.098954,0.39,17.798285,54.933113,75.0,Satisfactory,54.539684,32.173573,4.9,3.223206,0.18,22.515434,79.47211,57.93601,Satisfactory,51.159203,0.66945493,1.4234636,5.932827,0.38,22.7,61.97334,83.0,Satisfactory
2025-06-25,29.19121,12.3,3.6,4.7646523,1.1476649,24.0,74.84411,54.0,Satisfactory,29.692421,21.181131,4.638007,7.797497,0.37,17.891163,61.99495,76.0,Satisfactory,44.54672,28.607868,6.102001,3.3240695,0.2,22.1,82.98698,39.0,Good,33.983074,0.3587226,2.026104,5.16,0.46,23.091127,62.882748,51.121994,Satisfactory
2025-06-26,35.45511,6.02,3.547892,5.0398817,1.1,24.210587,71.0,54.0,Satisfactory,23.736906,25.482695,6.9070807,6.298474,0.36,18.20137,58.760372,99.746346,Satisfactory,41.363514,27.11006,4.9,4.386363,0.17,22.842735,80.77079,62.0,Satisfactory,25.479528,1.9724293,1.8121536,6.613457,0.34,23.2,43.773228,40.0,Good
2025-06-27,25.6721,6.0020633,3.8423202,5.1498613,1.1,24.0,79.11571,51.0,Satisfactory,15.327771,23.193108,3.7,6.9,0.3189838,18.013168,59.0,74.0,Satisfactory,25.413363,26.216364,4.9,5.7049503,0.18,22.3,81.0,38.0,Good,20.570332,2.3545296,2.0394475,4.9061465,0.35,22.507505,56.0,27.0,Good
2025-06-28,25.6,6.8515544,5.4975233,5.479048,1.129615,24.3,74.0,51.0,Satisfactory,18.552778,28.184284,4.9330716,7.9,0.32,17.964378,62.932644,77.0,Satisfactory,23.211008,31.694056,4.388567,4.901071,0.17,21.696804,83.0,30.0,Good,26.101532,0.6831474,0.45116964,5.2,0.32,23.61944,60.95256,27.0,Good
2025-06-29,26.03566,11.522638,5.3,6.9949303,1.17,24.4,69.025314,52.0,Satisfactory,15.694464,20.516018,7.3205357,9.61583,0.46,18.062359,62.0,92.0,Satisfactory,28.283552,28.861528,4.8263917,4.1530976,0.22,22.484438,80.8674,37.0,Good,19.94444,0.3912995,1.39998,4.78,0.39,24.2,65.92729,30.0,Good
2025-06-30,31.994162,12.3,4.028594,7.2,1.1803545,24.8,66.3358,61.430176,Satisfactory,28.164465,28.176443,7.687291,9.171065,0.43016276,18.218721,53.855957,107.0,Moderate,44.47181,30.071548,4.1,4.170038,0.18,22.3,78.17586,65.93067,Satisfactory,29.343636,0.25147942,1.2759929,6.563832,0.34,23.0,58.640392,69.0,Satisfactory
2025-07-01,29.22461,7.065192,3.2964787,7.2,1.38,25.0,67.0,54.0,Satisfactory,28.178541,26.0053,5.8,8.202074,0.4,18.683434,47.2419,103.0,Moderate,40.670963,36.184597,4.782212,5.593484,0.2,22.174992,72.0,70.92792,Satisfactory,30.041767,0.2857486,2.1,5.500008,0.33,22.6036,49.733074,48.039806,Good
2025-07-02,27.944935,11.628361,3.1252773,6.2018876,1.04,24.790138,65.66235,49.0,Good,23.271324,31.767836,5.263864,8.568975,0.41,18.571949,55.001205,82.0,Satisfactory,41.105236,43.222332,4.5300117,4.1393347,0.19,22.1,63.66658,53.0,Satisfactory,25.437757,0.34198466,1.8060557,5.130483,0.39,23.11647,43.76161,35.0,Good
2025-07-03,31.17686,10.7,2.7758796,6.9281983,1.01,24.08813,73.12336,43.0,Good,20.027134,31.922895,5.282738,8.2,0.43,18.092344,60.253174,62.0,Satisfactory,28.96982,35.185574,7.1451683,6.1104646,0.18,21.533558,69.48855,27.0,Good,17.536634,2.1697454,1.3,6.013088,0.37,23.7,54.423283,29.0,Good
2025-07-04,36.988457,7.1545258,2.8,8.097114,1.03,24.1,67.0,43.0,Good,23.696617,37.77622,4.8648963,8.316871,0.57,18.032164,62.91227,78.0,Satisfactory,24.562643,33.68858,5.4289103,6.92945,0.19,21.21944,74.0,26.0,Good,21.223782,2.7921784,1.3989991,5.865752,0.4,23.337421,53.078842,28.0,Good
2025-07-05,34.66753,6.6409326,2.5,6.8536615,1.3,23.4,76.03278,51.0,Satisfactory,22.308199,27.918406,2.9,6.8,0.48766884,17.95436,63.50102,89.0,Satisfactory,28.783606,28.837626,5.492561,7.3353505,0.18,20.70954,79.34558,27.0,Good,17.767656,2.2903285,2.1,6.88,0.34,21.27022,68.0,31.426142,Good
2025-07-06,34.0278,11.038708,2.8,6.5844975,1.16,24.5,73.73597,46.0,Good,24.507542,32.90184,2.5069642,6.026334,0.39,18.680515,61.502155,73.90016,Satisfactory,35.96161,28.93143,4.9,5.0,0.2195771,20.604385,77.01684,29.0,Good,31.628603,3.7,2.1,5.751471,0.20007843,20.641914,64.46558,30.0,Good
2025-07-07,27.29066,8.628362,3.3526282,6.3233285,1.0513216,24.88951,63.000057,47.0,Good,19.385988,24.611973,7.802131,5.88,0.36,17.73549,63.318325,65.0,Satisfactory,33.149544,26.37256,5.28404,3.8930738,0.1844094,21.408815,82.0,30.0,Good,25.569078,2.9219494,1.3931841,7.002107,0.2,19.691174,69.0,30.654436,Good
2025-07-08,33.074623,6.082089,2.806955,8.094266,1.12,24.8,58.603317,34.0,Good,27.727407,21.068771,7.5068045,6.0,0.36,18.077297,56.476627,56.643852,Satisfactory,36.00606,29.306297,5.279902,4.267359,0.18,22.8,77.926735,33.0,Good,33.794147,3.646809,1.9004066,7.2436433,0.27,17.243286,67.00678,28.0,Good
2025-07-09,32.62434,6.282997,2.2022345,7.2322836,1.16,24.6,63.28963,34.0,Good,34.969353,27.39388,6.7874618,7.3,0.37,17.663094,51.44597,76.18578,Satisfactory,31.9,29.705791,5.281156,5.9936404,0.23,22.1,74.14745,28.0,Good,36.899826,2.4115222,1.3751155,5.39,0.32,16.826994,64.90771,28.0,Good
2025-07-10,32.4661,6.41561,2.4,6.1503863,1.086106,24.291748,68.67688,39.0,Good,32.7988,27.396542,4.1,8.5,0.36,17.965328,55.583763,86.0,Satisfactory,38.18348,32.146988,4.9,5.246635,0.21279414,21.176046,67.0,34.0,Good,32.089928,0.37271428,1.3704228,6.614203,0.31,16.443018,64.0,35.0,Good
2025-07-11,30.836767,8.918904,2.664305,7.7964177,0.9897809,24.431572,73.037605,55.0,Satisfactory,28.082727,29.692308,6.439937,7.1925,0.42,18.505175,54.70033,103.0,Moderate,40.21926,40.82642,4.9,6.862272,0.22,21.7,70.09459,36.0,Good,26.710106,1.5818673,0.49848312,6.831357,0.29,17.455112,70.0,35.0,Good
2025-07-12,36.67481,5.945768,3.7446868,7.9900527,0.99,24.0,73.0,54.0,Satisfactory,39.276367,26.987186,5.3344603,5.8551297,0.46,18.939293,57.89634,110.86423,Moderate,34.619545,50.39147,4.9,6.5,0.18173695,20.870337,78.81707,37.0,Good,39.100323,2.9108033,0.44166788,6.2520313,0.3,16.156685,72.706,39.0,Good
2025-07-13,29.994654,7.004967,4.0957127,9.915046,1.1797124,23.5,74.0,63.0,Satisfactory,23.435392,20.598984,4.123467,5.8,0.2741727,18.850708,60.854935,107.38138,Moderate,36.97028,33.00072,4.8,6.237714,0.22,21.199131,79.0,44.0,Good,39.48,3.8,0.3842766,6.3258886,0.34947744,15.628172,73.44965,49.0,Good
2025-07-14,25.81581,7.2426677,4.068782,9.256924,1.0968235,24.3,68.16194,65.0,Satisfactory,32.339474,18.950048,2.835277,6.5,0.32,18.98214,63.999893,100.0,Satisfactory,40.346348,27.35245,2.942713,4.820273,0.21858487,20.823143,77.564835,54.0,Satisfactory,42.090042,3.5570333,0.5174648,6.16,0.38,15.446707,71.70781,37.0,Good
2025-07-15,21.249393,9.276223,3.664266,7.844369,1.29,24.3,72.46303,55.0,Satisfactory,28.470282,15.2,2.732522,6.22,0.35,19.357323,62.867577,96.15435,Satisfactory,36.00253,28.643574,3.7276347,5.9805512,0.24,21.8,73.14207,46.0,Good,47.11008,3.0363655,0.48102447,7.536388,0.43,15.423431,68.59104,35.0,Good
2025-07-16,32.99214,5.819988,3.064901,7.6285253,1.28,24.2,69.57766,62.0,Satisfactory,32.140205,15.755901,4.2746124,7.4,0.3803635,19.118908,64.75073,103.0,Moderate,42.059605,37.675602,2.13,6.5543275,0.23,22.263927,69.99958,51.0,Satisfactory,52.50715,6.5,0.4529834,6.3894544,0.37,15.44396,59.965645,28.0,Good
2025-07-17,34.902634,7.296503,3.1312165,6.9877243,1.28,23.533571,69.53814,60.0,Satisfactory,24.775902,10.760116,5.5,8.237256,0.33,18.891048,65.3461,109.045166,Moderate,38.314915,36.05724,2.12,5.92,0.23,21.846981,72.151474,39.0,Good,35.029335,4.6,0.45861042,6.88,0.31020522,15.656977,67.31157,31.0,Good
2025-07-18,36.411808,10.247387,3.0860238,6.7049155,1.2598565,24.2,68.0,75.0,Satisfactory,28.390657,17.516953,3.6,7.251511,0.43,20.258255,61.302143,95.0,Satisfactory,41.545948,34.51683,2.945829,5.709879,0.26,21.66637,76.0,39.0,Good,35.362503,3.7,0.4587037,6.24,0.33,15.805232,56.62208,35.0,Good
2025-07-19,32.49416,7.988819,3.2995064,6.794702,1.17,24.111662,75.408516,74.73884,Satisfactory,24.303381,16.377123,3.5947845,6.686631,0.5,21.293245,66.49367,100.0,Satisfactory,39.274326,37.88179,2.11,6.3898606,0.22,21.595242,76.97588,30.0,Good,34.296806,3.6142175,1.1696502,6.1811905,0.34,15.888824,62.073303,41.0,Good
2025-07-20,33.290604,6.9560843,3.151512,6.5004873,1.18,23.879448,76.505486,68.0,Satisfactory,26.582157,16.355381,2.6,7.1721716,0.52,22.751595,68.0,100.0,Satisfactory,32.46273,36.01457,2.121326,7.5991354,0.23,21.285625,78.49805,32.0,Good,32.92418,3.8,1.3844793,7.57,0.31,15.589198,67.114456,42.0,Good
2025-07-21,28.36802,8.448897,3.3007338,5.6920066,1.3925052,23.6,74.0,81.0,Satisfactory,24.169199,13.7683325,3.6,7.591509,0.4,22.38899,68.12323,107.0,Moderate,26.541803,27.056938,3.897973,7.5985208,0.18,21.900312,78.449875,53.0,Satisfactory,26.01374,3.8,0.6471499,9.1,0.28,15.502186,70.869095,53.0,Satisfactory
2025-07-22,32.034573,9.977313,3.411959,6.7436934,1.2936002,23.7,70.440765,81.0,Satisfactory,36.08699,14.501598,3.1690404,8.128735,0.51688606,22.2,71.2756,113.0,Moderate,34.10796,25.713865,2.08,4.209016,0.23,22.3,79.0,72.0,Satisfactory,30.25733,4.39641,2.1,9.9,0.34,15.354948,73.197334,37.0,Good
2025-07-23,30.237873,10.651614,2.7499661,5.698772,1.1769301,23.973715,77.24782,71.0,Satisfactory,37.493114,15.901393,3.6,8.5,0.5,22.532722,75.53563,106.0,Moderate,30.194027,27.698746,2.08,4.5232606,0.23,22.195995,77.965485,41.0,Good,43.631073,4.727477,2.1,8.517819,0.42,15.420044,75.0,30.0,Good
2025-07-24,37.371983,9.409271,3.6,4.9842067,1.0507041,23.8,71.68699,66.0,Satisfactory,36.24452,15.2,3.5,9.202291,0.48,22.038204,74.0,108.0,Moderate,32.245426,34.85372,2.08,5.045017,0.18929403,22.1,77.006454,28.0,Good,41.17211,6.1465826,2.1,8.7561655,0.42030773,15.540112,73.90598,26.0,Good
2025-07-25,38.23029,9.551332,3.2,5.3,1.2694074,23.2,77.16494,73.0,Satisfactory,22.354445,13.157674,2.7483351,9.181343,0.4,22.327168,70.91796,101.0,Moderate,24.862675,25.66004,4.0891404,6.15,0.17,22.175863,76.227135,27.0,Good,28.00478,5.2,2.1,8.164629,0.32,16.44833,81.0,33.0,Good
2025-07-26,36.406464,10.323443,2.8,5.3,1.07,23.8,73.6278,69.0,Satisfactory,34.002937,14.1,3.3503945,8.3,0.45169917,22.7,61.0,111.0,Moderate,32.19749,27.985006,3.76066,6.0165114,0.15944688,22.505362,75.76224,32.0,Good,32.928642,4.864817,2.1,8.658721,0.2807065,15.605195,77.99171,38.0,Good
2025-07-27,27.073305,6.6602182,2.5481553,5.2155957,1.01,24.5,71.85486,80.0,Satisfactory,25.96357,11.498053,3.268109,7.8,0.42,22.8,60.916702,124.0,Moderate,24.90353,23.108553,3.4915476,4.926069,0.15841627,22.58,68.04051,38.0,Good,21.698639,4.3,2.1,8.852021,0.31,15.785669,76.0,37.0,Good
2025-07-28,25.122213,9.313851,2.597471,5.6005287,1.0124031,24.2,73.51284,89.0,Satisfactory,32.100765,12.548436,3.1,8.9456005,0.35,22.249962,66.55559,119.0,Moderate,38.30671,25.84398,2.1084805,3.8874981,0.16089576,21.900196,64.5566,47.25083,Good,23.509668,2.8702888,2.6054752,10.290103,0.25,15.594738,75.42887,44.0,Good
2025-07-29,23.757875,6.02,2.9880152,6.2,0.94,23.3,74.05678,75.0,Satisfactory,30.425257,12.585465,2.1,9.506369,0.39,22.120857,68.208824,111.0,Moderate,18.922144,23.639118,4.009626,5.0531487,0.18,22.3,69.0,39.0,Good,22.549534,3.8,4.7,9.896402,0.2,17.059551,81.0,38.0,Good
2025-07-30,29.614172,6.6956944,3.2548885,6.0114255,0.88,23.4,69.832054,75.0,Satisfactory,33.558357,14.402765,1.7015634,9.7,0.39730626,22.59893,67.0,122.0,Moderate,25.102243,26.0771,4.4,4.9664454,0.17,22.602163,72.0,52.924984,Satisfactory,23.488268,4.5,4.2,7.931984,0.3,15.957043,81.0,30.0,Good
